<?xml version="1.0" encoding="UTF-8"?>
<root>
  <item name="com.jwenfeng.library.pulltorefresh.PullToRefreshLayout android.view.View getView(int) 0">
    <annotation name="androidx.annotation.IntDef">
      <val name="value" val="{com.jwenfeng.library.pulltorefresh.ViewStatus.CONTENT_STATUS, com.jwenfeng.library.pulltorefresh.ViewStatus.LOADING_STATUS, com.jwenfeng.library.pulltorefresh.ViewStatus.EMPTY_STATUS, com.jwenfeng.library.pulltorefresh.ViewStatus.ERROR_STATUS}" />
    </annotation>
  </item>
  <item name="com.jwenfeng.library.pulltorefresh.PullToRefreshLayout void createAnimatorTranslationY(int, int, int, com.jwenfeng.library.pulltorefresh.PullToRefreshLayout.CallBack) 0">
    <annotation name="androidx.annotation.IntDef">
      <val name="value" val="{com.jwenfeng.library.pulltorefresh.State.REFRESH, com.jwenfeng.library.pulltorefresh.State.LOADMORE}" />
    </annotation>
  </item>
  <item name="com.jwenfeng.library.pulltorefresh.PullToRefreshLayout void setFinish(int) 0">
    <annotation name="androidx.annotation.IntDef">
      <val name="value" val="{com.jwenfeng.library.pulltorefresh.State.REFRESH, com.jwenfeng.library.pulltorefresh.State.LOADMORE}" />
    </annotation>
  </item>
  <item name="com.jwenfeng.library.pulltorefresh.PullToRefreshLayout void setFinish(int, int) 1">
    <annotation name="androidx.annotation.IntDef">
      <val name="value" val="{com.jwenfeng.library.pulltorefresh.State.REFRESH, com.jwenfeng.library.pulltorefresh.State.LOADMORE}" />
    </annotation>
  </item>
  <item name="com.jwenfeng.library.pulltorefresh.PullToRefreshLayout void showView(int) 0">
    <annotation name="androidx.annotation.IntDef">
      <val name="value" val="{com.jwenfeng.library.pulltorefresh.ViewStatus.CONTENT_STATUS, com.jwenfeng.library.pulltorefresh.ViewStatus.LOADING_STATUS, com.jwenfeng.library.pulltorefresh.ViewStatus.EMPTY_STATUS, com.jwenfeng.library.pulltorefresh.ViewStatus.ERROR_STATUS}" />
    </annotation>
  </item>
  <item name="com.jwenfeng.library.pulltorefresh.State.REFRESH_STATE">
    <annotation name="androidx.annotation.IntDef">
      <val name="value" val="{com.jwenfeng.library.pulltorefresh.State.REFRESH, com.jwenfeng.library.pulltorefresh.State.LOADMORE}" />
    </annotation>
  </item>
  <item name="com.jwenfeng.library.pulltorefresh.ViewStatus.VIEW_STATUS">
    <annotation name="androidx.annotation.IntDef">
      <val name="value" val="{com.jwenfeng.library.pulltorefresh.ViewStatus.CONTENT_STATUS, com.jwenfeng.library.pulltorefresh.ViewStatus.LOADING_STATUS, com.jwenfeng.library.pulltorefresh.ViewStatus.EMPTY_STATUS, com.jwenfeng.library.pulltorefresh.ViewStatus.ERROR_STATUS}" />
    </annotation>
  </item>
</root>

